"Category","Product","Type","Spec"
"Botulinum Toxins","Botulax 100Units","","100Units / Vial"
"Botulinum Toxins","Botulax 200Units","","200Units / Vial"
"Botulinum Toxins","Botulax 300Units","","300Units / Vial"
"Botulinum Toxins","Coretox 100Units","","100Units / Vial"
"Botulinum Toxins","Dysport 500Units","","500Units / Vial"
"Botulinum Toxins","Hutox 100Units","","100Units / Vial"
"Botulinum Toxins","Hutox 200Units","","200Units / Vial"
"Botulinum Toxins","Innotox 100Units","","100Units / Vial"
"Botulinum Toxins","Innotox 50Units","Botulinum Toxin Type A","50Units / Vial"
"Botulinum Toxins","Jtok 100Units","","100Units / Vial"
"Botulinum Toxins","Jtok 200Units","","200Units / Vial"
"Botulinum Toxins","Liztox 100Units","","100Units / Vial"
"Botulinum Toxins","Liztox 200Units","","200Units / Vial"
"Botulinum Toxins","Meditoxin 100Units","","100Units / Vial"
"Botulinum Toxins","Meditoxin 150Units","","150Units / Vial"
"Botulinum Toxins","Meditoxin 200Units","","200Units / Vial"
"Botulinum Toxins","Nabota 100Units","","100Units / Vial"
"Botulinum Toxins","Nabota 200Units","","200Units / Vial"
"Botulinum Toxins","Toxpia 100Units","","100Units / Vial"
"Botulinum Toxins","Toxpia 200Units","","200Units / Vial"
"Dermal Fillers","Bellast Ultra L","","1ml x 1Syringe"
"Dermal Fillers","Bellast Ultra Plus","","1ml x 1Syringe"
"Dermal Fillers","Bellast Ultra Soft L","","1ml x 1Syringe"
"Dermal Fillers","Dermalax Deep Plus","","1.1ml x 1Syringe"
"Dermal Fillers","Dermalax Implant Plus","","1.1ml x 2Syringes"
"Dermal Fillers","Dermalax Plus","","1.1ml x 1Syringe"
"Dermal Fillers","DermArcane Deep","","1.1ml x 1Syringe"
"Dermal Fillers","DermArcane Fine","","1.1ml x 1Syringe"
"Dermal Fillers","DermArcane Implant","","1.1ml x 1Syringe"
"Dermal Fillers","DermArcane Shape","","1.1ml x 1Syringe"
"Dermal Fillers","ELASTY D Plus","","1ml x 2Syringes"
"Dermal Fillers","ELASTY F Plus","","1ml x 2Syringes"
"Dermal Fillers","ELASTY G Plus","","1ml x 2Syringes"
"Dermal Fillers","Elravie Premier Deep Line-L","","1ml x 1Syringe"
"Dermal Fillers","Elravie Premier Light-L","","1ml x 1Syringe"
"Dermal Fillers","Elravie Premier Ultra Volume-L","","1ml x 1Syringe"
"Dermal Fillers","EPTQ S100","","1ml x 1Syringe"
"Dermal Fillers","EPTQ S300","","1ml x 1Syringe"
"Dermal Fillers","EPTQ S500","","1ml x 1Syringe"
"Dermal Fillers","Juvederm Ultra XC","","1ml x 2Syringes"
"Dermal Fillers","Juvederm Volbella","","1ml x 2Syringes"
"Dermal Fillers","Juvederm Volift","","1ml x 2Syringes"
"Dermal Fillers","Juvederm Voluma","","1ml x 2Syringes"
"Dermal Fillers","Juvederm Volux","","1ml x 2Syringes"
"Dermal Fillers","Lipssom","","1.2ml x 1Syringe"
"Dermal Fillers","Neuramis Deep Lidocaine","","1.1ml x 1Syringe"
"Dermal Fillers","Neuramis Lidocaine","","1.1ml x 1Syringe"
"Dermal Fillers","Neuramis Volume Lidocaine","","1.1ml x 1Syringe"
"Dermal Fillers","REGENOVUE Deep Plus","","1ml x 1Syringe"
"Dermal Fillers","REGENOVUE Fine Plus","","1ml x 1Syringe"
"Dermal Fillers","REGENOVUE Sub-Q Plus","","1ml x 1Syringe"
"Dermal Fillers","Restylan Defyne","","1ml x 1Syringe"
"Dermal Fillers","Restylan Kysee","","1ml x 1Syringe"
"Dermal Fillers","Restylan Lidocaine","","1ml x 1Syringe"
"Dermal Fillers","Restylan Lyft Lidocaine","","1ml x 1Syringe"
"Dermal Fillers","Restylan Refyne","","1ml x 1Syringe"
"Dermal Fillers","Restylan Volyme","","1ml x 1Syringe"
"Dermal Fillers","Revolax Deep","","1.1ml x 1Syringe"
"Dermal Fillers","Revolax Fine","","1.1ml x 1Syringe"
"Dermal Fillers","Revolax Sub-Q","","1.1ml x 1Syringe"
"Dermal Fillers","The Chaeum Premium No.1","","1.1ml x 2Syringes"
"Dermal Fillers","The Chaeum Premium No.2","","1.1ml x 2Syringes"
"Dermal Fillers","The Chaeum Premium No.3","","1.1ml x 2Syringes"
"Dermal Fillers","The Chaeum Premium No.4","","1.1ml x 2Syringes"
"Dermal Fillers","VOM Intensive","","1ml x 2Syringes"
"Dermal Fillers","VOM Light","","1ml x 2Syringes"
"Dermal Fillers","VOM Volume","","1ml x 2Syringes"
"Skin Boosters","Collapleo","Type I Atelocollagen","1ml x 1Syringe"
"Skin Boosters","Gouri","PCL","1ml x 1Syringe"
"Skin Boosters","Gouri Synergy SkinBooster","PCL","2.5ml x 5Vials"
"Skin Boosters","HAMILREMING HB","PN","1ml x 1Syringe"
"Skin Boosters","HAMILREMING i","PN","1ml x 1Sytinge"
"Skin Boosters","HAMILREMING PN","PN","2ml x 2Syringes"
"Skin Boosters","Hyaron","HA","2.5ml x 10Syringes"
"Skin Boosters","Kiara Reju","PDRN","2.2ml x 3Syringes"
"Skin Boosters","PINK DROP","","5ml x 5Vials"
"Skin Boosters","Rejuran HB Plus","PN","1ml x 1Syringe"
"Skin Boosters","Rejuran Healer","PN","2ml x 2Syringes"
"Skin Boosters","Rejuran i","PN","1ml x 1Syringe"
"Skin Boosters","Rejuran S","PN","1ml x 1Syringe"
"Skin Boosters","Rejuran Tone-up Booster","","4mL x 3vials & 0.1g x 3vials"
"Skin Boosters","Rejuvenex Hydro Essence","PN+HA","2.5ml x 5Syringes"
"Skin Boosters","Restylane Vital","HA","1ml x 1Syringe"
"Skin Boosters","Restylane Vital Light","HA","1ml x 1Syringe"
"Skin Boosters","REVS PRO 32","","2ml x 1Syringes"
"Skin Boosters","SKINVIVE","HA","1ml x 2Syringes"
"Lipolysis","Kabelline","","8ml x 5Vials"
"Lipolysis","Lipo Lab","","10ml x 5Vials"
"Lipolysis","Lipo Vela","","10ml x 10Vials"
"Lipolysis","Lipo Vele-V","","5ml x 10Vials"
"Lipolysis","Pure Bottle","","10ml x 5Vials"
"Lipolysis","V line A Solution Body","","30ml x 3Vials"
"Lipolysis","V line A Solution Face","","10ml x 5Vials"
"Exosomes","Cellexor Re:Tone","EXOSOMES","100mg x 1Vialx & 5ml x 5Vials"
"Biostimulators","Lapolyque","PDLLA+HA","200mg x 1Vial"
"Biostimulators","Olidia","PLLA","365mg x 1vial"
"Biostimulators","Radiesse","CaHA",""
"Biostimulators","Sculptra","PLLA",""
"Cosmetic","Cartin","","5ml x 10Vials"
"Cosmetic","Cindella","","5ml x 10Vials"
"Cosmetic","DAIHAN Sterile Water","","20ml x 50Amps"
"Cosmetic","GC Arginine 1010","","10ml x 10Vials"
"Cosmetic","GC Arginine 2510","","25ml x 10Vials"
"Vitamin Injections","Guthion 1200mg","","10Vials"
"Cosmetic","H-Lido Cream","10.56%","500mg"
"Vitamin Injections","Jeil High B","","10ml x 10Vials"
"Cosmetic","Laennec","","2ml x 50Vials"
"Cosmetic","L-car","","5ml x 10Vials"
"Cosmetic","Liporase","","10Vials"
"Cosmetic","Luthione 1200mg","","10Vials"
"Cosmetic","Luthione 600mg","","10Vials"
"Cosmetic","Melsmon","","2ml x 50Vials"
"Vitamin Injections","Vitamin C","","20ml x 10Vials"
"Cosmetic","Vitamo","","2ml x 50Vials"
