"Category","Product","ImageFile","ImagePath","Status","RequiredSize","Format","Background"
"Botulinum Toxins","Innotox 50Units","innotox-50units.webp","assets/images/products/innotox-50units.webp","pending","1200x900px","WebP","white"
"Botulinum Toxins","Innotox 100Units","innotox-100units.webp","assets/images/products/innotox-100units.webp","pending","1200x900px","WebP","white"
"Botulinum Toxins","Coretox 100Units","coretox-100units.webp","assets/images/products/coretox-100units.webp","pending","1200x900px","WebP","white"
"Botulinum Toxins","Meditoxin 100Units","meditoxin-100units.webp","assets/images/products/meditoxin-100units.webp","pending","1200x900px","WebP","white"
"Botulinum Toxins","Meditoxin 150Units","meditoxin-150units.webp","assets/images/products/meditoxin-150units.webp","pending","1200x900px","WebP","white"
"Botulinum Toxins","Meditoxin 200Units","meditoxin-200units.webp","assets/images/products/meditoxin-200units.webp","pending","1200x900px","WebP","white"
"Botulinum Toxins","Botulax 100Units","botulax-100units.webp","assets/images/products/botulax-100units.webp","pending","1200x900px","WebP","white"
"Botulinum Toxins","Botulax 200Units","botulax-200units.webp","assets/images/products/botulax-200units.webp","pending","1200x900px","WebP","white"
"Botulinum Toxins","Botulax 300Units","botulax-300units.webp","assets/images/products/botulax-300units.webp","pending","1200x900px","WebP","white"
"Botulinum Toxins","Nabota 100Units","nabota-100units.webp","assets/images/products/nabota-100units.webp","pending","1200x900px","WebP","white"
"Botulinum Toxins","Nabota 200Units","nabota-200units.webp","assets/images/products/nabota-200units.webp","pending","1200x900px","WebP","white"
"Botulinum Toxins","Liztox 100Units","liztox-100units.webp","assets/images/products/liztox-100units.webp","pending","1200x900px","WebP","white"
"Botulinum Toxins","Liztox 200Units","liztox-200units.webp","assets/images/products/liztox-200units.webp","pending","1200x900px","WebP","white"
"Botulinum Toxins","Hutox 100Units","hutox-100units.webp","assets/images/products/hutox-100units.webp","pending","1200x900px","WebP","white"
"Botulinum Toxins","Hutox 200Units","hutox-200units.webp","assets/images/products/hutox-200units.webp","pending","1200x900px","WebP","white"
"Botulinum Toxins","Jtok 100Units","jtok-100units.webp","assets/images/products/jtok-100units.webp","pending","1200x900px","WebP","white"
"Botulinum Toxins","Jtok 200Units","jtok-200units.webp","assets/images/products/jtok-200units.webp","pending","1200x900px","WebP","white"
"Botulinum Toxins","Toxpia 100Units","toxpia-100units.webp","assets/images/products/toxpia-100units.webp","pending","1200x900px","WebP","white"
"Botulinum Toxins","Toxpia 200Units","toxpia-200units.webp","assets/images/products/toxpia-200units.webp","pending","1200x900px","WebP","white"
"Botulinum Toxins","Dysport 500Units","dysport-500units.webp","assets/images/products/dysport-500units.webp","pending","1200x900px","WebP","white"
"HA Dermal Fillers","The Chaeum Premium No.1","the-chaeum-premium-no-1.webp","assets/images/products/the-chaeum-premium-no-1.webp","pending","1200x900px","WebP","white"
"HA Dermal Fillers","The Chaeum Premium No.2","the-chaeum-premium-no-2.webp","assets/images/products/the-chaeum-premium-no-2.webp","pending","1200x900px","WebP","white"
"HA Dermal Fillers","The Chaeum Premium No.3","the-chaeum-premium-no-3.webp","assets/images/products/the-chaeum-premium-no-3.webp","pending","1200x900px","WebP","white"
"HA Dermal Fillers","The Chaeum Premium No.4","the-chaeum-premium-no-4.webp","assets/images/products/the-chaeum-premium-no-4.webp","pending","1200x900px","WebP","white"
"HA Dermal Fillers","Revolax Sub-Q","revolax-sub-q.webp","assets/images/products/revolax-sub-q.webp","pending","1200x900px","WebP","white"
"HA Dermal Fillers","Revolax Deep","revolax-deep.webp","assets/images/products/revolax-deep.webp","pending","1200x900px","WebP","white"
"HA Dermal Fillers","Revolax Fine","revolax-fine.webp","assets/images/products/revolax-fine.webp","pending","1200x900px","WebP","white"
"HA Dermal Fillers","Dermalax Implant Plus","dermalax-implant-plus.webp","assets/images/products/dermalax-implant-plus.webp","pending","1200x900px","WebP","white"
"HA Dermal Fillers","Dermala Deep Plus","dermala-deep-plus.webp","assets/images/products/dermala-deep-plus.webp","pending","1200x900px","WebP","white"
"HA Dermal Fillers","Dermalax Plus","dermalax-plus.webp","assets/images/products/dermalax-plus.webp","pending","1200x900px","WebP","white"
"HA Dermal Fillers","Bellast Ultra Plus","bellast-ultra-plus.webp","assets/images/products/bellast-ultra-plus.webp","pending","1200x900px","WebP","white"
"HA Dermal Fillers","Bellast Ultra L","bellast-ultra-l.webp","assets/images/products/bellast-ultra-l.webp","pending","1200x900px","WebP","white"
"HA Dermal Fillers","Bellast Ultra Soft L","bellast-ultra-soft-l.webp","assets/images/products/bellast-ultra-soft-l.webp","pending","1200x900px","WebP","white"
"HA Dermal Fillers","VOM Volume","vom-volume.webp","assets/images/products/vom-volume.webp","pending","1200x900px","WebP","white"
"HA Dermal Fillers","VOM Intensive","vom-intensive.webp","assets/images/products/vom-intensive.webp","pending","1200x900px","WebP","white"
"HA Dermal Fillers","VOM Light","vom-light.webp","assets/images/products/vom-light.webp","pending","1200x900px","WebP","white"
"HA Dermal Fillers","EPTQ S500","eptq-s500.webp","assets/images/products/eptq-s500.webp","pending","1200x900px","WebP","white"
"HA Dermal Fillers","EPTQ S300","eptq-s300.webp","assets/images/products/eptq-s300.webp","pending","1200x900px","WebP","white"
"HA Dermal Fillers","ETPQ S100","etpq-s100.webp","assets/images/products/etpq-s100.webp","pending","1200x900px","WebP","white"
"HA Dermal Fillers","REGENOVUE Sub-Q Plus","regenovue-sub-q-plus.webp","assets/images/products/regenovue-sub-q-plus.webp","pending","1200x900px","WebP","white"
"HA Dermal Fillers","REGENOVUE Deep Plus","regenovue-deep-plus.webp","assets/images/products/regenovue-deep-plus.webp","pending","1200x900px","WebP","white"
"HA Dermal Fillers","REGENOVUE Fine Plus","regenovue-fine-plus.webp","assets/images/products/regenovue-fine-plus.webp","pending","1200x900px","WebP","white"
"HA Dermal Fillers","Neuramis Volume Lidocaine","neuramis-volume-lidocaine.webp","assets/images/products/neuramis-volume-lidocaine.webp","pending","1200x900px","WebP","white"
"HA Dermal Fillers","Neuramis Deep Lidocaine","neuramis-deep-lidocaine.webp","assets/images/products/neuramis-deep-lidocaine.webp","pending","1200x900px","WebP","white"
"HA Dermal Fillers","Neuramis Lidocaine","neuramis-lidocaine.webp","assets/images/products/neuramis-lidocaine.webp","pending","1200x900px","WebP","white"
"HA Dermal Fillers","Elravie Premier Ultra Volume-L","elravie-premier-ultra-volume-l.webp","assets/images/products/elravie-premier-ultra-volume-l.webp","pending","1200x900px","WebP","white"
"HA Dermal Fillers","Elravie Premier Deep Line-L","elravie-premier-deep-line-l.webp","assets/images/products/elravie-premier-deep-line-l.webp","pending","1200x900px","WebP","white"
"HA Dermal Fillers","Elravie Premier Light-L","elravie-premier-light-l.webp","assets/images/products/elravie-premier-light-l.webp","pending","1200x900px","WebP","white"
"HA Dermal Fillers","ELASTY G Plus","elasty-g-plus.webp","assets/images/products/elasty-g-plus.webp","pending","1200x900px","WebP","white"
"HA Dermal Fillers","ELASTY D Plus","elasty-d-plus.webp","assets/images/products/elasty-d-plus.webp","pending","1200x900px","WebP","white"
"HA Dermal Fillers","ELASTY F Plus","elasty-f-plus.webp","assets/images/products/elasty-f-plus.webp","pending","1200x900px","WebP","white"
"HA Dermal Fillers","Juvederm Voluma","juvederm-voluma.webp","assets/images/products/juvederm-voluma.webp","pending","1200x900px","WebP","white"
"HA Dermal Fillers","Juvederm Volux","juvederm-volux.webp","assets/images/products/juvederm-volux.webp","pending","1200x900px","WebP","white"
"HA Dermal Fillers","Juvederm Volift","juvederm-volift.webp","assets/images/products/juvederm-volift.webp","pending","1200x900px","WebP","white"
"HA Dermal Fillers","Juvederm Volbella","juvederm-volbella.webp","assets/images/products/juvederm-volbella.webp","pending","1200x900px","WebP","white"
"HA Dermal Fillers","Juvederm Ultra XC","juvederm-ultra-xc.webp","assets/images/products/juvederm-ultra-xc.webp","pending","1200x900px","WebP","white"
"HA Dermal Fillers","Restylan Lidocaine","restylan-lidocaine.webp","assets/images/products/restylan-lidocaine.webp","pending","1200x900px","WebP","white"
"HA Dermal Fillers","Restylan Lyft Lidocaine","restylan-lyft-lidocaine.webp","assets/images/products/restylan-lyft-lidocaine.webp","pending","1200x900px","WebP","white"
"HA Dermal Fillers","Restylan Volyme","restylan-volyme.webp","assets/images/products/restylan-volyme.webp","pending","1200x900px","WebP","white"
"HA Dermal Fillers","Restylan Defyne","restylan-defyne.webp","assets/images/products/restylan-defyne.webp","pending","1200x900px","WebP","white"
"HA Dermal Fillers","Restylan Refyne","restylan-refyne.webp","assets/images/products/restylan-refyne.webp","pending","1200x900px","WebP","white"
"HA Dermal Fillers","Restylan Kysee","restylan-kysee.webp","assets/images/products/restylan-kysee.webp","pending","1200x900px","WebP","white"
"HA Dermal Fillers","Lip Soom","lip-soom.webp","assets/images/products/lip-soom.webp","pending","1200x900px","WebP","white"
"HA Dermal Fillers","DermArcane Grey","dermarcane-grey.webp","assets/images/products/dermarcane-grey.webp","pending","1200x900px","WebP","white"
"HA Dermal Fillers","DermArcane Shape","dermarcane-shape.webp","assets/images/products/dermarcane-shape.webp","pending","1200x900px","WebP","white"
"HA Dermal Fillers","DermArcane Deep","dermarcane-deep.webp","assets/images/products/dermarcane-deep.webp","pending","1200x900px","WebP","white"
"HA Dermal Fillers","DermArcane Fine","dermarcane-fine.webp","assets/images/products/dermarcane-fine.webp","pending","1200x900px","WebP","white"
"SKIN BOOSTERS","Cellexor Re:Tone","cellexor-re-tone.webp","assets/images/products/cellexor-re-tone.webp","pending","1200x900px","WebP","white"
"SKIN BOOSTERS","Kiara Reju","kiara-reju.webp","assets/images/products/kiara-reju.webp","pending","1200x900px","WebP","white"
"SKIN BOOSTERS","REVS PRO 32","revs-pro-32.webp","assets/images/products/revs-pro-32.webp","pending","1200x900px","WebP","white"
"SKIN BOOSTERS","PINK DROP","pink-drop.webp","assets/images/products/pink-drop.webp","pending","1200x900px","WebP","white"
"SKIN BOOSTERS","Rejuran Healer","rejuran-healer.webp","assets/images/products/rejuran-healer.webp","pending","1200x900px","WebP","white"
"SKIN BOOSTERS","Rejuran i","rejuran-i.webp","assets/images/products/rejuran-i.webp","pending","1200x900px","WebP","white"
"SKIN BOOSTERS","Rejuran S","rejuran-s.webp","assets/images/products/rejuran-s.webp","pending","1200x900px","WebP","white"
"SKIN BOOSTERS","Rejuran HB Plus","rejuran-hb-plus.webp","assets/images/products/rejuran-hb-plus.webp","pending","1200x900px","WebP","white"
"SKIN BOOSTERS","Rejuvenex Hydro Essence","rejuvenex-hydro-essence.webp","assets/images/products/rejuvenex-hydro-essence.webp","pending","1200x900px","WebP","white"
"SKIN BOOSTERS","Rejuran Tone-up Booster","rejuran-tone-up-booster.webp","assets/images/products/rejuran-tone-up-booster.webp","pending","1200x900px","WebP","white"
"SKIN BOOSTERS","Gouri","gouri.webp","assets/images/products/gouri.webp","pending","1200x900px","WebP","white"
"SKIN BOOSTERS","Gouri Synergy SkinBooster","gouri-synergy-skinbooster.webp","assets/images/products/gouri-synergy-skinbooster.webp","pending","1200x900px","WebP","white"
"SKIN BOOSTERS","Hyaron","hyaron.webp","assets/images/products/hyaron.webp","pending","1200x900px","WebP","white"
"SKIN BOOSTERS","SKINVIVE","skinvive.webp","assets/images/products/skinvive.webp","pending","1200x900px","WebP","white"
"SKIN BOOSTERS","Collapleo","collapleo.webp","assets/images/products/collapleo.webp","pending","1200x900px","WebP","white"
"SKIN BOOSTERS","Restylane Vital Light","restylane-vital-light.webp","assets/images/products/restylane-vital-light.webp","pending","1200x900px","WebP","white"
"SKIN BOOSTERS","Restylane Vital","restylane-vital.webp","assets/images/products/restylane-vital.webp","pending","1200x900px","WebP","white"
"SKIN BOOSTERS","HAMILREMING PN","hamilreming-pn.webp","assets/images/products/hamilreming-pn.webp","pending","1200x900px","WebP","white"
"SKIN BOOSTERS","HAMILREMING HB","hamilreming-hb.webp","assets/images/products/hamilreming-hb.webp","pending","1200x900px","WebP","white"
"SKIN BOOSTERS","HAMILREMING i","hamilreming-i.webp","assets/images/products/hamilreming-i.webp","pending","1200x900px","WebP","white"
"Lipolysis","Lipo Lab","lipo-lab.webp","assets/images/products/lipo-lab.webp","pending","1200x900px","WebP","white"
"Lipolysis","Kabelline","kabelline.webp","assets/images/products/kabelline.webp","pending","1200x900px","WebP","white"
"Lipolysis","Pure Bottle","pure-bottle.webp","assets/images/products/pure-bottle.webp","pending","1200x900px","WebP","white"
"Lipolysis","Lipo Vele-V","lipo-vele-v.webp","assets/images/products/lipo-vele-v.webp","pending","1200x900px","WebP","white"
"Lipolysis","Lipo Vela","lipo-vela.webp","assets/images/products/lipo-vela.webp","pending","1200x900px","WebP","white"
"Lipolysis","V line A Solution Face","v-line-a-solution-face.webp","assets/images/products/v-line-a-solution-face.webp","pending","1200x900px","WebP","white"
"Lipolysis","V line A Solution Body","v-line-a-solution-body.webp","assets/images/products/v-line-a-solution-body.webp","pending","1200x900px","WebP","white"
"Biostimulators","Lapolyque","lapolyque.webp","assets/images/products/lapolyque.webp","pending","1200x900px","WebP","white"
"Biostimulators","Sculptra","sculptra.webp","assets/images/products/sculptra.webp","pending","1200x900px","WebP","white"
"Biostimulators","Olidia","olidia.webp","assets/images/products/olidia.webp","pending","1200x900px","WebP","white"
"Biostimulators","Radiesse","radiesse.webp","assets/images/products/radiesse.webp","pending","1200x900px","WebP","white"
"Others","H-Lido Cream","h-lido-cream.webp","assets/images/products/h-lido-cream.webp","pending","1200x900px","WebP","white"
"Others","Liporase","liporase.webp","assets/images/products/liporase.webp","pending","1200x900px","WebP","white"
"Others","Vitamin C","vitamin-c.webp","assets/images/products/vitamin-c.webp","pending","1200x900px","WebP","white"
"Others","Cindella","cindella.webp","assets/images/products/cindella.webp","pending","1200x900px","WebP","white"
"Others","Luthione 600mg","luthione-600mg.webp","assets/images/products/luthione-600mg.webp","pending","1200x900px","WebP","white"
"Others","Luthione 1200mg","luthione-1200mg.webp","assets/images/products/luthione-1200mg.webp","pending","1200x900px","WebP","white"
"Others","Laennec","laennec.webp","assets/images/products/laennec.webp","pending","1200x900px","WebP","white"
"Others","Melsmon","melsmon.webp","assets/images/products/melsmon.webp","pending","1200x900px","WebP","white"
"Others","Guthion 1200mg","guthion-1200mg.webp","assets/images/products/guthion-1200mg.webp","pending","1200x900px","WebP","white"
"Others","Cartin","cartin.webp","assets/images/products/cartin.webp","pending","1200x900px","WebP","white"
"Others","L-car","l-car.webp","assets/images/products/l-car.webp","pending","1200x900px","WebP","white"
"Others","Vitamo","vitamo.webp","assets/images/products/vitamo.webp","pending","1200x900px","WebP","white"
"Others","GC Arginine","gc-arginine.webp","assets/images/products/gc-arginine.webp","pending","1200x900px","WebP","white"
"Others","GC Arginine","gc-arginine-2.webp","assets/images/products/gc-arginine-2.webp","pending","1200x900px","WebP","white"
"Others","Jeil High B","jeil-high-b.webp","assets/images/products/jeil-high-b.webp","pending","1200x900px","WebP","white"
"Others","DAI HAN Sterile Water","dai-han-sterile-water.webp","assets/images/products/dai-han-sterile-water.webp","pending","1200x900px","WebP","white"
"Cosmetics","Cosmetic Line Coming Soon","cosmetic-line-coming-soon.webp","assets/images/products/cosmetic-line-coming-soon.webp","pending","1200x900px","WebP","white"
