"Category","CategorySlug","Product","Type","Spec","ImageFile","ImagePath","ImageStatus","SourceFolder","WordPressAssetPath"
"Botulinum Toxins","botulinum-toxins","Botulax 100Units","","100Units / Vial","botulax-100units.webp","assets/images/products/botulax-100units.webp","ready","완성이미지/WebP","wp-theme-starter/assets/images/products/botulax-100units.webp"
"Botulinum Toxins","botulinum-toxins","Botulax 200Units","","200Units / Vial","botulax-200units.webp","assets/images/products/botulax-200units.webp","ready","완성이미지/WebP","wp-theme-starter/assets/images/products/botulax-200units.webp"
"Botulinum Toxins","botulinum-toxins","Botulax 300Units","","300Units / Vial","botulax-300units.webp","assets/images/products/botulax-300units.webp","ready","완성이미지/WebP","wp-theme-starter/assets/images/products/botulax-300units.webp"
"Botulinum Toxins","botulinum-toxins","Coretox 100Units","","100Units / Vial","coretox-100units.webp","assets/images/products/coretox-100units.webp","ready","완성이미지/WebP","wp-theme-starter/assets/images/products/coretox-100units.webp"
"Botulinum Toxins","botulinum-toxins","Dysport 500Units","","500Units / Vial","dysport-500units.webp","assets/images/products/dysport-500units.webp","ready","완성이미지/WebP","wp-theme-starter/assets/images/products/dysport-500units.webp"
"Botulinum Toxins","botulinum-toxins","Hutox 100Units","","100Units / Vial","hutox-100units.webp","assets/images/products/hutox-100units.webp","ready","완성이미지/WebP","wp-theme-starter/assets/images/products/hutox-100units.webp"
"Botulinum Toxins","botulinum-toxins","Hutox 200Units","","200Units / Vial","hutox-200units.webp","assets/images/products/hutox-200units.webp","ready","완성이미지/WebP","wp-theme-starter/assets/images/products/hutox-200units.webp"
"Botulinum Toxins","botulinum-toxins","Innotox 100Units","","100Units / Vial","innotox-100units.webp","assets/images/products/innotox-100units.webp","ready","완성이미지/WebP","wp-theme-starter/assets/images/products/innotox-100units.webp"
"Botulinum Toxins","botulinum-toxins","Innotox 50Units","Botulinum Toxin Type A","50Units / Vial","innotox-50units.webp","assets/images/products/innotox-50units.webp","ready","완성이미지/WebP","wp-theme-starter/assets/images/products/innotox-50units.webp"
"Botulinum Toxins","botulinum-toxins","Jtok 100Units","","100Units / Vial","jtok-100units.webp","assets/images/products/jtok-100units.webp","ready","완성이미지/WebP","wp-theme-starter/assets/images/products/jtok-100units.webp"
"Botulinum Toxins","botulinum-toxins","Jtok 200Units","","200Units / Vial","jtok-200units.webp","assets/images/products/jtok-200units.webp","ready","완성이미지/WebP","wp-theme-starter/assets/images/products/jtok-200units.webp"
"Botulinum Toxins","botulinum-toxins","Liztox 100Units","","100Units / Vial","liztox-100units.webp","assets/images/products/liztox-100units.webp","ready","완성이미지/WebP","wp-theme-starter/assets/images/products/liztox-100units.webp"
"Botulinum Toxins","botulinum-toxins","Liztox 200Units","","200Units / Vial","liztox-200units.webp","assets/images/products/liztox-200units.webp","ready","완성이미지/WebP","wp-theme-starter/assets/images/products/liztox-200units.webp"
"Botulinum Toxins","botulinum-toxins","Meditoxin 100Units","","100Units / Vial","meditoxin-100units.webp","assets/images/products/meditoxin-100units.webp","ready","완성이미지/WebP","wp-theme-starter/assets/images/products/meditoxin-100units.webp"
"Botulinum Toxins","botulinum-toxins","Meditoxin 150Units","","150Units / Vial","meditoxin-150units.webp","assets/images/products/meditoxin-150units.webp","ready","완성이미지/WebP","wp-theme-starter/assets/images/products/meditoxin-150units.webp"
"Botulinum Toxins","botulinum-toxins","Meditoxin 200Units","","200Units / Vial","meditoxin-200units.webp","assets/images/products/meditoxin-200units.webp","ready","완성이미지/WebP","wp-theme-starter/assets/images/products/meditoxin-200units.webp"
"Botulinum Toxins","botulinum-toxins","Nabota 100Units","","100Units / Vial","nabota-100units.webp","assets/images/products/nabota-100units.webp","ready","완성이미지/WebP","wp-theme-starter/assets/images/products/nabota-100units.webp"
"Botulinum Toxins","botulinum-toxins","Nabota 200Units","","200Units / Vial","nabota-200units.webp","assets/images/products/nabota-200units.webp","ready","완성이미지/WebP","wp-theme-starter/assets/images/products/nabota-200units.webp"
"Botulinum Toxins","botulinum-toxins","Toxpia 100Units","","100Units / Vial","toxpia-100units.webp","assets/images/products/toxpia-100units.webp","ready","완성이미지/WebP","wp-theme-starter/assets/images/products/toxpia-100units.webp"
"Botulinum Toxins","botulinum-toxins","Toxpia 200Units","","200Units / Vial","toxpia-200units.webp","assets/images/products/toxpia-200units.webp","ready","완성이미지/WebP","wp-theme-starter/assets/images/products/toxpia-200units.webp"
"Dermal Fillers","dermal-fillers","Bellast Ultra L","","1ml x 1Syringe","bellast-ultra-l.webp","assets/images/products/bellast-ultra-l.webp","ready","완성이미지/WebP","wp-theme-starter/assets/images/products/bellast-ultra-l.webp"
"Dermal Fillers","dermal-fillers","Bellast Ultra Plus","","1ml x 1Syringe","bellast-ultra-plus.webp","assets/images/products/bellast-ultra-plus.webp","ready","완성이미지/WebP","wp-theme-starter/assets/images/products/bellast-ultra-plus.webp"
"Dermal Fillers","dermal-fillers","Bellast Ultra Soft L","","1ml x 1Syringe","bellast-ultra-soft-l.webp","assets/images/products/bellast-ultra-soft-l.webp","ready","완성이미지/WebP","wp-theme-starter/assets/images/products/bellast-ultra-soft-l.webp"
"Dermal Fillers","dermal-fillers","Dermalax Deep Plus","","","dermalax-deep-plus.webp","assets/images/products/dermalax-deep-plus.webp","ready","완성이미지/WebP","wp-theme-starter/assets/images/products/dermalax-deep-plus.webp"
"Dermal Fillers","dermal-fillers","Dermalax Implant Plus","","1.1ml x 2Syringes","dermalax-implant-plus.webp","assets/images/products/dermalax-implant-plus.webp","ready","완성이미지/WebP","wp-theme-starter/assets/images/products/dermalax-implant-plus.webp"
"Dermal Fillers","dermal-fillers","Dermalax Plus","","1.1ml x 1Syringe","dermalax-plus.webp","assets/images/products/dermalax-plus.webp","ready","완성이미지/WebP","wp-theme-starter/assets/images/products/dermalax-plus.webp"
"Dermal Fillers","dermal-fillers","DermArcane Deep","","1.1ml x 1Syringe","dermarcane-deep.webp","assets/images/products/dermarcane-deep.webp","ready","완성이미지/WebP","wp-theme-starter/assets/images/products/dermarcane-deep.webp"
"Dermal Fillers","dermal-fillers","DermArcane Fine","","1.1ml x 1Syringe","dermarcane-fine.webp","assets/images/products/dermarcane-fine.webp","ready","완성이미지/WebP","wp-theme-starter/assets/images/products/dermarcane-fine.webp"
"Dermal Fillers","dermal-fillers","DermArcane Implant","","","dermarcane-implant.webp","assets/images/products/dermarcane-implant.webp","ready","완성이미지/WebP","wp-theme-starter/assets/images/products/dermarcane-implant.webp"
"Dermal Fillers","dermal-fillers","DermArcane Shape","","1.1ml x 1Syringe","dermarcane-shape.webp","assets/images/products/dermarcane-shape.webp","ready","완성이미지/WebP","wp-theme-starter/assets/images/products/dermarcane-shape.webp"
"Dermal Fillers","dermal-fillers","ELASTY D Plus","","1ml x 2Syringes","elasty-d-plus.webp","assets/images/products/elasty-d-plus.webp","ready","완성이미지/WebP","wp-theme-starter/assets/images/products/elasty-d-plus.webp"
"Dermal Fillers","dermal-fillers","ELASTY F Plus","","1ml x 2Syringes","elasty-f-plus.webp","assets/images/products/elasty-f-plus.webp","ready","완성이미지/WebP","wp-theme-starter/assets/images/products/elasty-f-plus.webp"
"Dermal Fillers","dermal-fillers","ELASTY G Plus","","1ml x 2Syringes","elasty-g-plus.webp","assets/images/products/elasty-g-plus.webp","ready","완성이미지/WebP","wp-theme-starter/assets/images/products/elasty-g-plus.webp"
"Dermal Fillers","dermal-fillers","Elravie Premier Deep Line-L","","1ml x 1Syringe","elravie-premier-deep-line-l.webp","assets/images/products/elravie-premier-deep-line-l.webp","ready","완성이미지/WebP","wp-theme-starter/assets/images/products/elravie-premier-deep-line-l.webp"
"Dermal Fillers","dermal-fillers","Elravie Premier Light-L","","1ml x 1Syringe","elravie-premier-light-l.webp","assets/images/products/elravie-premier-light-l.webp","ready","완성이미지/WebP","wp-theme-starter/assets/images/products/elravie-premier-light-l.webp"
"Dermal Fillers","dermal-fillers","Elravie Premier Ultra Volume-L","","1ml x 1Syringe","elravie-premier-ultra-volume-l.webp","assets/images/products/elravie-premier-ultra-volume-l.webp","ready","완성이미지/WebP","wp-theme-starter/assets/images/products/elravie-premier-ultra-volume-l.webp"
"Dermal Fillers","dermal-fillers","EPTQ S100","","","eptq-s100.webp","assets/images/products/eptq-s100.webp","ready","완성이미지/WebP","wp-theme-starter/assets/images/products/eptq-s100.webp"
"Dermal Fillers","dermal-fillers","EPTQ S300","","1ml x 1Syringe","eptq-s300.webp","assets/images/products/eptq-s300.webp","ready","완성이미지/WebP","wp-theme-starter/assets/images/products/eptq-s300.webp"
"Dermal Fillers","dermal-fillers","EPTQ S500","","1ml x 1Syringe","eptq-s500.webp","assets/images/products/eptq-s500.webp","ready","완성이미지/WebP","wp-theme-starter/assets/images/products/eptq-s500.webp"
"Dermal Fillers","dermal-fillers","Juvederm Ultra XC","","1ml x 2Syringes","juvederm-ultra-xc.webp","assets/images/products/juvederm-ultra-xc.webp","ready","완성이미지/WebP","wp-theme-starter/assets/images/products/juvederm-ultra-xc.webp"
"Dermal Fillers","dermal-fillers","Juvederm Volbella","","1ml x 2Syringes","juvederm-volbella.webp","assets/images/products/juvederm-volbella.webp","ready","완성이미지/WebP","wp-theme-starter/assets/images/products/juvederm-volbella.webp"
"Dermal Fillers","dermal-fillers","Juvederm Volift","","1ml x 2Syringes","juvederm-volift.webp","assets/images/products/juvederm-volift.webp","ready","완성이미지/WebP","wp-theme-starter/assets/images/products/juvederm-volift.webp"
"Dermal Fillers","dermal-fillers","Juvederm Voluma","","1ml x 2Syringes","juvederm-voluma.webp","assets/images/products/juvederm-voluma.webp","ready","완성이미지/WebP","wp-theme-starter/assets/images/products/juvederm-voluma.webp"
"Dermal Fillers","dermal-fillers","Juvederm Volux","","1ml x 2Syringes","juvederm-volux.webp","assets/images/products/juvederm-volux.webp","ready","완성이미지/WebP","wp-theme-starter/assets/images/products/juvederm-volux.webp"
"Dermal Fillers","dermal-fillers","Lipssom","","","lipssom.webp","assets/images/products/lipssom.webp","ready","완성이미지/WebP","wp-theme-starter/assets/images/products/lipssom.webp"
"Dermal Fillers","dermal-fillers","Neuramis Deep Lidocaine","","1.1ml x 1Syringe","neuramis-deep-lidocaine.webp","assets/images/products/neuramis-deep-lidocaine.webp","ready","완성이미지/WebP","wp-theme-starter/assets/images/products/neuramis-deep-lidocaine.webp"
"Dermal Fillers","dermal-fillers","Neuramis Lidocaine","","1.1ml x 1Syringe","neuramis-lidocaine.webp","assets/images/products/neuramis-lidocaine.webp","ready","완성이미지/WebP","wp-theme-starter/assets/images/products/neuramis-lidocaine.webp"
"Dermal Fillers","dermal-fillers","Neuramis Volume Lidocaine","","1.1ml x 1Syringe","neuramis-volume-lidocaine.webp","assets/images/products/neuramis-volume-lidocaine.webp","ready","완성이미지/WebP","wp-theme-starter/assets/images/products/neuramis-volume-lidocaine.webp"
"Dermal Fillers","dermal-fillers","REGENOVUE Deep Plus","","1ml x 1Syringe","regenovue-deep-plus.webp","assets/images/products/regenovue-deep-plus.webp","ready","완성이미지/WebP","wp-theme-starter/assets/images/products/regenovue-deep-plus.webp"
"Dermal Fillers","dermal-fillers","REGENOVUE Fine Plus","","1ml x 1Syringe","regenovue-fine-plus.webp","assets/images/products/regenovue-fine-plus.webp","ready","완성이미지/WebP","wp-theme-starter/assets/images/products/regenovue-fine-plus.webp"
"Dermal Fillers","dermal-fillers","REGENOVUE Sub-Q Plus","","1ml x 1Syringe","regenovue-sub-q-plus.webp","assets/images/products/regenovue-sub-q-plus.webp","ready","완성이미지/WebP","wp-theme-starter/assets/images/products/regenovue-sub-q-plus.webp"
"Dermal Fillers","dermal-fillers","Restylan Defyne","","1ml x 1Syringe","restylan-defyne.webp","assets/images/products/restylan-defyne.webp","ready","완성이미지/WebP","wp-theme-starter/assets/images/products/restylan-defyne.webp"
"Dermal Fillers","dermal-fillers","Restylan Kysee","","1ml x 1Syringe","restylan-kysee.webp","assets/images/products/restylan-kysee.webp","ready","완성이미지/WebP","wp-theme-starter/assets/images/products/restylan-kysee.webp"
"Dermal Fillers","dermal-fillers","Restylan Lidocaine","","1ml x 1Syringe","restylan-lidocaine.webp","assets/images/products/restylan-lidocaine.webp","ready","완성이미지/WebP","wp-theme-starter/assets/images/products/restylan-lidocaine.webp"
"Dermal Fillers","dermal-fillers","Restylan Lyft Lidocaine","","1ml x 1Syringe","restylan-lyft-lidocaine.webp","assets/images/products/restylan-lyft-lidocaine.webp","ready","완성이미지/WebP","wp-theme-starter/assets/images/products/restylan-lyft-lidocaine.webp"
"Dermal Fillers","dermal-fillers","Restylan Refyne","","1ml x 1Syringe","restylan-refyne.webp","assets/images/products/restylan-refyne.webp","ready","완성이미지/WebP","wp-theme-starter/assets/images/products/restylan-refyne.webp"
"Dermal Fillers","dermal-fillers","Restylan Volyme","","1ml x 1Syringe","restylan-volyme.webp","assets/images/products/restylan-volyme.webp","ready","완성이미지/WebP","wp-theme-starter/assets/images/products/restylan-volyme.webp"
"Dermal Fillers","dermal-fillers","Revolax Deep","","1.1ml x 1Syringe","revolax-deep.webp","assets/images/products/revolax-deep.webp","ready","완성이미지/WebP","wp-theme-starter/assets/images/products/revolax-deep.webp"
"Dermal Fillers","dermal-fillers","Revolax Fine","","1.1ml x 1Syringe","revolax-fine.webp","assets/images/products/revolax-fine.webp","ready","완성이미지/WebP","wp-theme-starter/assets/images/products/revolax-fine.webp"
"Dermal Fillers","dermal-fillers","Revolax Sub-Q","","1.1ml x 1Syringe","revolax-sub-q.webp","assets/images/products/revolax-sub-q.webp","ready","완성이미지/WebP","wp-theme-starter/assets/images/products/revolax-sub-q.webp"
"Dermal Fillers","dermal-fillers","The Chaeum Premium No.1","","1.1ml x 2Syringes","the-chaeum-premium-no-1.webp","assets/images/products/the-chaeum-premium-no-1.webp","ready","완성이미지/WebP","wp-theme-starter/assets/images/products/the-chaeum-premium-no-1.webp"
"Dermal Fillers","dermal-fillers","The Chaeum Premium No.2","","1.1ml x 2Syringes","the-chaeum-premium-no-2.webp","assets/images/products/the-chaeum-premium-no-2.webp","ready","완성이미지/WebP","wp-theme-starter/assets/images/products/the-chaeum-premium-no-2.webp"
"Dermal Fillers","dermal-fillers","The Chaeum Premium No.3","","1.1ml x 2Syringes","the-chaeum-premium-no-3.webp","assets/images/products/the-chaeum-premium-no-3.webp","ready","완성이미지/WebP","wp-theme-starter/assets/images/products/the-chaeum-premium-no-3.webp"
"Dermal Fillers","dermal-fillers","The Chaeum Premium No.4","","1.1ml x 2Syringes","the-chaeum-premium-no-4.webp","assets/images/products/the-chaeum-premium-no-4.webp","ready","완성이미지/WebP","wp-theme-starter/assets/images/products/the-chaeum-premium-no-4.webp"
"Dermal Fillers","dermal-fillers","VOM Intensive","","1ml x 2Syringes","vom-intensive.webp","assets/images/products/vom-intensive.webp","ready","완성이미지/WebP","wp-theme-starter/assets/images/products/vom-intensive.webp"
"Dermal Fillers","dermal-fillers","VOM Light","","1ml x 2Syringes","vom-light.webp","assets/images/products/vom-light.webp","ready","완성이미지/WebP","wp-theme-starter/assets/images/products/vom-light.webp"
"Dermal Fillers","dermal-fillers","VOM Volume","","1ml x 2Syringes","vom-volume.webp","assets/images/products/vom-volume.webp","ready","완성이미지/WebP","wp-theme-starter/assets/images/products/vom-volume.webp"
"Body Fillers","body-fillers","Body Filler Line Coming Soon","","","body-filler-line-coming-soon.webp","assets/images/products/body-filler-line-coming-soon.webp","pending","완성이미지/WebP","wp-theme-starter/assets/images/products/body-filler-line-coming-soon.webp"
"Skin Boosters","skin-boosters","Collapleo","Type I Atelocollagen","1ml x 1Syringe","collapleo.webp","assets/images/products/collapleo.webp","ready","완성이미지/WebP","wp-theme-starter/assets/images/products/collapleo.webp"
"Skin Boosters","skin-boosters","Gouri","PCL","1ml x 1Syringe","gouri.webp","assets/images/products/gouri.webp","ready","완성이미지/WebP","wp-theme-starter/assets/images/products/gouri.webp"
"Skin Boosters","skin-boosters","Gouri Synergy SkinBooster","PCL","2.5ml x 5Vials","gouri-synergy-skinbooster.webp","assets/images/products/gouri-synergy-skinbooster.webp","ready","완성이미지/WebP","wp-theme-starter/assets/images/products/gouri-synergy-skinbooster.webp"
"Skin Boosters","skin-boosters","HAMILREMING HB","PN","1ml x 1Syringe","hamilreming-hb.webp","assets/images/products/hamilreming-hb.webp","ready","완성이미지/WebP","wp-theme-starter/assets/images/products/hamilreming-hb.webp"
"Skin Boosters","skin-boosters","HAMILREMING i","PN","1ml x 1Sytinge","hamilreming-i.webp","assets/images/products/hamilreming-i.webp","ready","완성이미지/WebP","wp-theme-starter/assets/images/products/hamilreming-i.webp"
"Skin Boosters","skin-boosters","HAMILREMING PN","PN","2ml x 2Syringes","hamilreming-pn.webp","assets/images/products/hamilreming-pn.webp","ready","완성이미지/WebP","wp-theme-starter/assets/images/products/hamilreming-pn.webp"
"Skin Boosters","skin-boosters","Hyaron","HA","2.5ml x 10Syringes","hyaron.webp","assets/images/products/hyaron.webp","ready","완성이미지/WebP","wp-theme-starter/assets/images/products/hyaron.webp"
"Skin Boosters","skin-boosters","Kiara Reju","PDRN","2.2ml x 3Syringes","kiara-reju.webp","assets/images/products/kiara-reju.webp","ready","완성이미지/WebP","wp-theme-starter/assets/images/products/kiara-reju.webp"
"Skin Boosters","skin-boosters","PINK DROP","","5ml x 5Vials","pink-drop.webp","assets/images/products/pink-drop.webp","ready","완성이미지/WebP","wp-theme-starter/assets/images/products/pink-drop.webp"
"Skin Boosters","skin-boosters","Rejuran HB Plus","PN","1ml x 1Syringe","rejuran-hb-plus.webp","assets/images/products/rejuran-hb-plus.webp","ready","완성이미지/WebP","wp-theme-starter/assets/images/products/rejuran-hb-plus.webp"
"Skin Boosters","skin-boosters","Rejuran Healer","PN","2ml x 2Syringes","rejuran-healer.webp","assets/images/products/rejuran-healer.webp","ready","완성이미지/WebP","wp-theme-starter/assets/images/products/rejuran-healer.webp"
"Skin Boosters","skin-boosters","Rejuran i","PN","1ml x 1Syringe","rejuran-i.webp","assets/images/products/rejuran-i.webp","ready","완성이미지/WebP","wp-theme-starter/assets/images/products/rejuran-i.webp"
"Skin Boosters","skin-boosters","Rejuran S","PN","1ml x 1Syringe","rejuran-s.webp","assets/images/products/rejuran-s.webp","ready","완성이미지/WebP","wp-theme-starter/assets/images/products/rejuran-s.webp"
"Skin Boosters","skin-boosters","Rejuran Tone-up Booster","","4mL x 3vials & 0.1g x 3vials","rejuran-tone-up-booster.webp","assets/images/products/rejuran-tone-up-booster.webp","ready","완성이미지/WebP","wp-theme-starter/assets/images/products/rejuran-tone-up-booster.webp"
"Skin Boosters","skin-boosters","Rejuvenex Hydro Essence","PN+HA","2.5ml x 5Syringes","rejuvenex-hydro-essence.webp","assets/images/products/rejuvenex-hydro-essence.webp","ready","완성이미지/WebP","wp-theme-starter/assets/images/products/rejuvenex-hydro-essence.webp"
"Skin Boosters","skin-boosters","Restylane Vital","HA","1ml x 1Syringe","restylane-vital.webp","assets/images/products/restylane-vital.webp","ready","완성이미지/WebP","wp-theme-starter/assets/images/products/restylane-vital.webp"
"Skin Boosters","skin-boosters","Restylane Vital Light","HA","1ml x 1Syringe","restylane-vital-light.webp","assets/images/products/restylane-vital-light.webp","ready","완성이미지/WebP","wp-theme-starter/assets/images/products/restylane-vital-light.webp"
"Skin Boosters","skin-boosters","REVS PRO 32","","2ml x 1Syringes","revs-pro-32.webp","assets/images/products/revs-pro-32.webp","ready","완성이미지/WebP","wp-theme-starter/assets/images/products/revs-pro-32.webp"
"Skin Boosters","skin-boosters","SKINVIVE","HA","1ml x 2Syringes","skinvive.webp","assets/images/products/skinvive.webp","ready","완성이미지/WebP","wp-theme-starter/assets/images/products/skinvive.webp"
"Lipolysis","lipolysis","Kabelline","","8ml x 5Vials","kabelline.webp","assets/images/products/kabelline.webp","ready","완성이미지/WebP","wp-theme-starter/assets/images/products/kabelline.webp"
"Lipolysis","lipolysis","Lipo Lab","","10ml x 5Vials","lipo-lab.webp","assets/images/products/lipo-lab.webp","ready","완성이미지/WebP","wp-theme-starter/assets/images/products/lipo-lab.webp"
"Lipolysis","lipolysis","Lipo Vela","","10ml x 10Vials","lipo-vela.webp","assets/images/products/lipo-vela.webp","ready","완성이미지/WebP","wp-theme-starter/assets/images/products/lipo-vela.webp"
"Lipolysis","lipolysis","Lipo Vele-V","","5ml x 10Vials","lipo-vele-v.webp","assets/images/products/lipo-vele-v.webp","ready","완성이미지/WebP","wp-theme-starter/assets/images/products/lipo-vele-v.webp"
"Lipolysis","lipolysis","Pure Bottle","","10ml x 5Vials","pure-bottle.webp","assets/images/products/pure-bottle.webp","ready","완성이미지/WebP","wp-theme-starter/assets/images/products/pure-bottle.webp"
"Lipolysis","lipolysis","V line A Solution Body","","30ml x 3Vials","v-line-a-solution-body.webp","assets/images/products/v-line-a-solution-body.webp","ready","완성이미지/WebP","wp-theme-starter/assets/images/products/v-line-a-solution-body.webp"
"Lipolysis","lipolysis","V line A Solution Face","","10ml x 5Vials","v-line-a-solution-face.webp","assets/images/products/v-line-a-solution-face.webp","ready","완성이미지/WebP","wp-theme-starter/assets/images/products/v-line-a-solution-face.webp"
"Exosomes","exosomes","Cellexor Re:Tone","EXOSOMES","100mg x 1Vialx & 5ml x 5Vials","cellexor-re-tone.webp","assets/images/products/cellexor-re-tone.webp","ready","완성이미지/WebP","wp-theme-starter/assets/images/products/cellexor-re-tone.webp"
"Biostimulators","biostimulators","Lapolyque","PDLLA+HA","200mg x 1Vial","lapolyque.webp","assets/images/products/lapolyque.webp","ready","완성이미지/WebP","wp-theme-starter/assets/images/products/lapolyque.webp"
"Biostimulators","biostimulators","Olidia","PLLA","365mg x 1vial","olidia.webp","assets/images/products/olidia.webp","ready","완성이미지/WebP","wp-theme-starter/assets/images/products/olidia.webp"
"Biostimulators","biostimulators","Radiesse","CaHA","","radiesse.webp","assets/images/products/radiesse.webp","ready","완성이미지/WebP","wp-theme-starter/assets/images/products/radiesse.webp"
"Biostimulators","biostimulators","Sculptra","PLLA","","sculptra.webp","assets/images/products/sculptra.webp","ready","완성이미지/WebP","wp-theme-starter/assets/images/products/sculptra.webp"
"Hair Treatment","hair-treatment","Hair Care Line Coming Soon","","","hair-care-line-coming-soon.webp","assets/images/products/hair-care-line-coming-soon.webp","pending","완성이미지/WebP","wp-theme-starter/assets/images/products/hair-care-line-coming-soon.webp"
"Others","others","Cartin","","5ml x 10Vials","cartin.webp","assets/images/products/cartin.webp","ready","완성이미지/WebP","wp-theme-starter/assets/images/products/cartin.webp"
"Others","others","Cindella","","5ml x 10Vials","cindella.webp","assets/images/products/cindella.webp","ready","완성이미지/WebP","wp-theme-starter/assets/images/products/cindella.webp"
"Others","others","DAIHAN Sterile Water","","","daihan-sterile-water.webp","assets/images/products/daihan-sterile-water.webp","ready","완성이미지/WebP","wp-theme-starter/assets/images/products/daihan-sterile-water.webp"
"Others","others","GC Arginine 1010","","","gc-arginine-1010.webp","assets/images/products/gc-arginine-1010.webp","ready","완성이미지/WebP","wp-theme-starter/assets/images/products/gc-arginine-1010.webp"
"Others","others","GC Arginine 2510","","","gc-arginine-2510.webp","assets/images/products/gc-arginine-2510.webp","ready","완성이미지/WebP","wp-theme-starter/assets/images/products/gc-arginine-2510.webp"
"Others","others","Guthion 1200mg","","10Vials","guthion-1200mg.webp","assets/images/products/guthion-1200mg.webp","ready","완성이미지/WebP","wp-theme-starter/assets/images/products/guthion-1200mg.webp"
"Others","others","H-Lido Cream","10.56%","500mg","h-lido-cream.webp","assets/images/products/h-lido-cream.webp","ready","완성이미지/WebP","wp-theme-starter/assets/images/products/h-lido-cream.webp"
"Others","others","Jeil High B","","10ml x 10Vials","jeil-high-b.webp","assets/images/products/jeil-high-b.webp","ready","완성이미지/WebP","wp-theme-starter/assets/images/products/jeil-high-b.webp"
"Others","others","Laennec","","2ml x 50Vials","laennec.webp","assets/images/products/laennec.webp","ready","완성이미지/WebP","wp-theme-starter/assets/images/products/laennec.webp"
"Others","others","L-car","","5ml x 10Vials","l-car.webp","assets/images/products/l-car.webp","ready","완성이미지/WebP","wp-theme-starter/assets/images/products/l-car.webp"
"Others","others","Liporase","","10Vials","liporase.webp","assets/images/products/liporase.webp","ready","완성이미지/WebP","wp-theme-starter/assets/images/products/liporase.webp"
"Others","others","Luthione 1200mg","","10Vials","luthione-1200mg.webp","assets/images/products/luthione-1200mg.webp","ready","완성이미지/WebP","wp-theme-starter/assets/images/products/luthione-1200mg.webp"
"Others","others","Luthione 600mg","","10Vials","luthione-600mg.webp","assets/images/products/luthione-600mg.webp","ready","완성이미지/WebP","wp-theme-starter/assets/images/products/luthione-600mg.webp"
"Others","others","Melsmon","","2ml x 50Vials","melsmon.webp","assets/images/products/melsmon.webp","ready","완성이미지/WebP","wp-theme-starter/assets/images/products/melsmon.webp"
"Others","others","Vitamin C","","20ml x 10Vials","vitamin-c.webp","assets/images/products/vitamin-c.webp","ready","완성이미지/WebP","wp-theme-starter/assets/images/products/vitamin-c.webp"
"Others","others","Vitamo","","2ml x 50Vials","vitamo.webp","assets/images/products/vitamo.webp","ready","완성이미지/WebP","wp-theme-starter/assets/images/products/vitamo.webp"
